annotator_id,age,gender,anime_familiarity,category,reason_en,freeform_responses
A001,50s or older,Female,Medium,Emotional Explicitness,Directly mentions the expression 'emotionally charged',['感情がこもっていて抑揚が大きい']
A002,30s,Male,Medium,Timbre Difference,Emphasizes that the 'timbre is distinctive' and the character's individuality,"['声質が独特で、キャラクターが持つ個性がしっかり感じられるところだと思います。', '感情がはっきりしており、キャラクターの個性を引き出している。']"
A003,30s,Male,Medium,Prosodic Salience,"Repeatedly mentions 'clearly distinct intonation', prioritizing prosodic features","['抑揚がはっきりしていて、感情が読み取りやすい', '抑揚がしっかりと意識されており、感情がきちんと表れている。']"
A004,50s or older,Male,Medium,Emotional Explicitness,Focuses on 'expressiveness' and 'exaggeration' for storytelling rather than realism,['現実をそのまま写すのではなく感情や物語を伝えるために誇張・省略・象徴を自在に使う表現力だと思います。']
A005,20s or younger,Female,Medium,Prosodic Salience,Identifies 'wide pitch variation' as the top characteristic,"['抑揚が大きくて、息を多めに含んでいる。滑舌が良い。', '抑揚が大きくて、息を多く含んだような声の発し方をしている。']"
A006,30s,Male,Medium,Articulation Clarity,Mentions 'voice clarity (intelligibility)' and 'articulation (diction)' as key factors,"['感情が入っているかとか滑舌の良さ、セリフ終わりの息の吐き方とかでしょうか。', '声の聞き取りやすさと感情の乗り具合、あと滑舌']"
A007,50s or older,Male,Medium,Emotional Explicitness,"Emphasizes performance aspects such as 'exaggerated speech' and 'energetic, forceful delivery'","['少し舌足らずにしゃべる声、気合が入った勢いのある声質、普通ではあまり言えないちょっと照れるような言葉でも同等と発言するなど。', '少し大げさなしゃべり方をするイメージ。', '下ったらずな声はアニメらしさがある思う。']"
A008,50s or older,Male,Medium,Timbre Difference,Mentions 'timbre that ordinary people cannot reproduce' and unique speaking mannerisms,['実写映画のセリフとは大きく異なり、普通の人では再現できない声質、息遣い、語尾のイントネーションなど独特の言い回しが魅力なことがアニメらしさだと感じます。']
A009,40s,Male,Medium,Articulation Clarity,Leads with 'dynamic (strong-weak) articulation' and 'clarity',"['抑揚や声の高さなどにメリハリがあり、声に感情が乗って表現が豊かであること', 'メリハリのある発音で、キャラクターの感情や性格が声に表れていること', '抑揚がはっきりとしていて、感情が表現されていること', '声のトーンに特徴があり、感情を繊細に表現している', '声が明瞭であり、感情を声で表現出来る']"
A010,30s,Male,Medium,Prosodic Salience,Overwhelmingly and repeatedly mentions 'strong intonation' and 'distinct intonation',"['感情表現が大仰', '抑揚が大きい', '抑揚がはっきりしている', '感情表現のすごさ', 'セリフの抑揚が強い', '滑舌が良く抑揚がはっきりしている']"
A011,20s or younger,Male,High,Timbre Difference,Points to the voice's own quality as 'constructed-sounding timbre',['作ったような声質']
A012,30s,Male,Medium,Timbre Difference,Cites 'distinctive timbre far removed from ordinary voices' as the reason,['一般的な声とかけ離れたような独特の声質、発声。']
A013,30s,Male,High,Articulation Clarity,Emphasizes articulatory clarity as 'speaking each syllable distinctly one by one',['セリフが１つ１つはっきりと話されており、なおかつ基本的には同じセリフの中で発話速度が急に変わったりしない。またこれだけだとニュース番組のキャスターにも当てはまるが、それとアニメらしい声との違いは声がデフォルメされていること。良くも悪くも「作り物感」がある。']
A014,40s,Male,Medium,Articulation Clarity,Repeatedly emphasizes 'clear word contour (articulatory precision)',"['言葉の輪郭や抑揚がはっきりしていること', '言葉の輪郭や感情、抑揚がはっきりしていること', '言葉の輪郭や感情、抑揚がくっきりとしていること。', '言葉に対する感情や抑揚の輪郭がはっきりしていること。']"
A015,40s,Male,High,Articulation Clarity,First mentions 'good diction (articulation)',['活舌がよい。普段人間があまり言わないような事をしゃべる。高い声、低い声。']
A016,50s or older,Female,Medium,Prosodic Salience,Leads every response with the characteristic of 'distinct intonation',"['抑揚がはっきりしている。\r\n計算されたような間の取り方。\r\n少しわざとらしい感情表現。', '抑揚がはっきりしている。\r\nわざとらしいほど感情を込めた大袈裟な話し方。\r\n語尾に息漏れがあるような話し方。\r\n台本を読んでいることが想像できるような不自然さがある。']"
A017,20s or younger,Male,High,Prosodic Salience,Characterizes the voice by mentioning 'wide intonation range' before emotion,['抑揚が大きかったり、声に感情が乗っていることだと思います。']
A018,30s,Female,Medium,Timbre Difference,Mentions the physical timbral characteristic of 'high-pitched voice',['声が甲高い']
A019,40s,Male,High,Timbre Difference,Emphasizes 'stylized/exaggerated timbre' and a voice fitting the character,['抑揚があり感情がこもっている、キャラクターにあった声質であること\r\n一般的な声ではなくデフォルメされていること（かわいいや渋いなどすべて含む）']
A020,40s,Male,Medium,Emotional Explicitness,Identifies 'explosive emotional expression' as the essence of anime-likeness,['声に抑揚があり、またより感情が爆発しているところが自分の考えるアニメらしさであります。']
A021,30s,Female,Medium,Prosodic Salience,"Grounds in short, clear repeated responses of 'wide intonation range'","['抑揚がしっかりある。', '抑揚が大きい。', '抑揚が大きい']"
A022,50s or older,Male,Low,Timbre Difference,Emphasizes 'individuality (uniqueness) different from ordinary vocalization',"['普通の発声とは少し違う個性（ユニークなところ）が魅力であると思います。', '声だけで個性やキャラクターが思い浮かぶことです。', 'キャラクターとストーリーの世界感が一致していることです。']"
A023,30s,Female,High,Emotional Explicitness,Views emotional communication through 'emotional expression' and 'empathy' as the core,"['声に引き込まれるか、感情移入できるか、見て聴いてどれだけ感情を動かされるかがアニメらしさだと思います。', '声に感情がこもっているか、アニメを見て聴いて感情移入できるかがアニメらしさだと思います。', '声で感情をうまく表現できることと、アニメを見て聴いて感情移入できるかがアニメらしさだと思います。']"
A024,50s or older,Male,Medium,Articulation Clarity,Cites 'pronouncing each syllable distinctly one by one' as the reason,['一語一語がはっきりと発音されている。子どもでも聴き取りやすい話し方。日常会話とは違う話し方。']
A025,30s,Male,High,Emotional Explicitness,"Focuses on 'unrealistic, exaggerated expression'","['現実らしくない大袈裟な表現', '現実感のない喋り、活舌の良さ', '非現実感']"
A026,50s or older,Male,High,Timbre Difference,Mentions that 'the manner of voice production (timbre/quality) itself is distinctive',['声の張り方がいかにもそちらだと聞こえる話し方だと思います。']
A027,30s,Male,High,Timbre Difference,"First emphasizes that the 'timbre has habitual, idiosyncratic characteristics'","['声質にクセがある。抑揚がある。', '声質にクセがある。抑揚が大きい。']"
A028,30s,Male,High,Emotional Explicitness,Emphasizes performance characteristics of 'clearly distinct emotional range' and 'over-the-top reactions',"['ちょっとした驚きや照れでも、声のトーンがはっきり変わる。', '抑揚のつけ方が普段よりもわざと大きいところ。', '独特の声質やセリフ回しが、作品ごとの「世界観」を作っている感じがアニメっぽさだと思います。実写では出せない音の雰囲気があります。', '現実より少し早口だったり、情報量が多くても聞きやすくまとめられている。', '一つ一つの感情がハッキリ切り替わる。', '喜怒哀楽がはっきりしていて、\r\n「えっ!?」「うそっ!?」などリアクションが大きめ。\r\n現実より少しオーバーに感情が響く。', '声だけでキャラの個性が伝わるのがアニメらしい。']"
A029,50s or older,Male,High,Emotional Explicitness,Emphasizes emotional projection through expressions like 'imbued with feeling' and 'expressing inner state',"['気分が入った喋り方。', '気持ちがよく出ている喋り方。', '心情が良く出ている声。']"
A030,30s,Male,High,Emotional Explicitness,Explains 'the emotions come through' as the reason,['感情が出ていて会話の一部っぽい']
A031,20s or younger,Male,Medium,Emotional Explicitness,Repeatedly mentions 'expressing emotions in an exaggerated manner',"['気楽に見える。楽しい。', '感情をはっきり表現していること。', '感情を大げさに表現する', '感情を大きく出す', '感情を大げさに表現されている']"
A032,50s or older,Male,Medium,Emotional Explicitness,Identifies 'emotions expressed in exaggerated fashion' and 'exaggerated speech style' as key features,"['実生活で行うと違和感のある会話調のセリフだけれども、アニメなら違和感を感じないもの。', '語り口がちょっと大袈裟', '感情が大袈裟に表現される。', '大袈裟に聞こえるセリフ', 'ちょっと大袈裟な言い回し', '大袈裟な言い回しなのに、違和感がない。', 'アニメ独特の抑揚があると感じてます。', 'アニメ特有の抑揚があると感じています。', '上手く言えませんが、アニメ独特の抑揚があると感じてます。']"
A033,40s,Female,High,Timbre Difference,First mentions 'individuality in timbre',['声質に個性があり、抑揚がある。抑揚がありつつも聞き取りやすい、活舌の良さが伴っている。声優さんご本人を認識していても、アニメキャラになってしまえばキャラクターとしてしか認識しなくていい声。']
A034,40s,Male,Medium,Timbre Difference,Cites the combination of 'distinctive timbre' and emotion as the reason,['普通の会話とは違って、ちょっと独特な声質だけど色んな感情をはっきり感じ取れるもの']
A035,40s,Male,High,Timbre Difference,Directly states that 'individualistic timbre' is most important,['最も重要なのは個性的な声質だと思います']
A036,40s,Female,Medium,Prosodic Salience,First presents the prosodic characteristic of 'wide intonation range',['抑揚が大きく、言葉と言葉の間に少し間がある。']
A037,50s or older,Female,Medium,Emotional Explicitness,Emphasizes expressiveness in depicting a character's personality as 'stylized/exaggerated',"['非現実的ながら、「こんな体験をしてみたいな」という願望を映像の中で実現してくれる媒体', '登場人物の性格や行動が、実在の人物と比べデフォルメされて描かれている。そこが面白く、興味深い。', '人間の感情や生活をファンタスティックに誇張されている世界', '現実世界はもちろん、実写のドラマや舞台演劇等と比べても、非現実的な描写や設定が違和感なく取り入れられる点。登場人物の容姿、リアクション、生身の俳優では不自然になってしまう表現や演出もアニメなら可能である。実写と比べ、より自由でフレキシブルな表現ができる点がアニメらしさだと思う。']"
A038,30s,Female,Medium,Articulation Clarity,Emphasizes 'the voice is clear and easy to understand',['感情と声がはっきりしていて聞き取りやすいこと']
A039,30s,Male,Medium,Timbre Difference,Cites 'distinctive and individualistic timbre' as the reason,"['声質が独特で個性的なところだと思います。', '独特な声質なことだと思います。']"
A040,50s or older,Female,Medium,Emotional Explicitness,Mentions the performance characteristic of being 'slightly exaggerated',"['少し大げさで声に張りがある。滑舌がよく雰囲気がある。', '遠くまで声が通る、かつ特徴的な声']"
A041,40s,Male,Medium,Emotional Explicitness,Explains 'vocalization strongly imbued with emotion' as the reason,"['感情を強めに込めた発声とイントネーション、キャラクターの性格や癖のある口調・口癖等が個性になる', '感情を強くこめた発声とイントネーション']"
A042,40s,Male,Medium,Timbre Difference,Analyzes 'individualistic timbre' as the most memorable core element,"['アニメキャラやそのストーリーに合った声で、どんなシーンでも感情がこもっていること(その感情の変化が分かりやすいこと)です。', '聞こえやすく、かつ声質が独特。とくに男らしい、可愛い、色っぽい、悪役っぽいなど、それらの特徴が際立っている。', '個性的な声質と、抑揚の表現力によって、キャラクターの存在感が際立っていること。そして、その印象が視聴者にとても伝わりやすいことです。', 'アニメの各シーンに合うように、声に感情が込められていること。声質が独特で、印象に残りやすいこと。', '聞き取りやすく、キャラや情景にあった声質で、セリフに感情が込められていること。また個性的な声を持った人がいること。', '声にキャラの個性や感情が込められていること。具体的には声の抑揚が大きく、視聴者に与える印象が大きい声であること。']"
A043,50s or older,Male,Medium,Timbre Difference,Repeatedly notes the timbral difference of 'voice being distinctive and different from the norm',"['映るもの全てが独特な想像の世界でできている', 'ちょっと普通の発声と違う', '声が独特で普通とちょっと違う', '普段と全く違う独特な話し方']"
A044,40s,Male,Medium,Emotional Explicitness,Emphasizes 'emotional expression being exaggerated/over the top',"['感情表現が誇張されている', '感情表現がオーバーで、伝えたい単語はより強く強調して表現している', '大げさな表現で伝えたい単語を強調する']"
A045,50s or older,Male,Medium,Emotional Explicitness,Views 'a speaking style that conveys mood and emotion well' as the core,"['聞いていて聞きやすく、気持ちや感情が良くわかる喋り方が「アニメらしさ」だと思います。', '感情があり、滑舌が良くて聞きやすい喋り方。', '喋っていると気持ちが入っていて聞きやすい声です。']"
A046,50s or older,Male,Medium,Articulation Clarity,Prioritizes articulation by noting 'expression is exaggerated with good diction',"['大げさな表現', '滑舌よく表現が大袈裟', '大げさな抑揚']"
A047,50s or older,Male,Medium,Prosodic Salience,Emphasizes prosodic skill through 'dynamic (strong-weak) contrast' and 'technically proficient voice',"['より芝居がかった、感情のこもった抑揚のある声。子供に向かって語りかけ、注意を引くような声。', '滑舌の良いくっきりとした明瞭な声。喜怒哀楽を声の抑揚に込めた起伏が大きい声。', 'やや大げさにドラマチックさを演出したような声。よく通るノイズが少ない声。', '低音から高音まで変化するメリハリのある声。その一部分だけを切り取ってもエンターテイメントとして通用する技巧的な声。', 'けれん味のある芝居がかった声。滑舌がはっきりとした聞き取りやすい声。', '劇的な場面を想起させる豊かな抑揚の声。キャラクターの性格を強調した仰々しい声。', '喜怒哀楽が強調された情緒的な声。女性声優による少年役のハスキーな声。', 'わざとめかした大仰な調子の声。子音と母音の発音がくっきりとした声。']"
A048,40s,Female,High,Articulation Clarity,First identifies the clarity of 'clearly and firmly voicing',"['はっきりと発声しているのと、何らかのキャラ（人格）になり切っている', 'はっきりと話していて、演技が入っている', 'はっきりと発声していたり、演技をしていたり、感情が入っている']"
A049,40s,Male,Medium,Prosodic Salience,Cites 'distinct intonation' as the reason,"['だれにでもわかるような音の表現をしていること', '声が特徴的で抑揚がはっきりしている']"
A050,40s,Male,Medium,Timbre Difference,Repeats across all responses that 'the voice is individualistic and has distinctive characteristics',"['声が個性的で特徴がある。キャラクターになりきっている。', '声が個性的で特徴がある・キャラクターになりきっている']"
A051,40s,Male,High,Articulation Clarity,Emphasizes articulatory precision as 'pronouncing each syllable clearly',['抑揚のある感情のこもった言葉、一文字をはっきりと発音している']
A052,40s,Male,High,Emotional Explicitness,Comprehensively mentions 'rich expressiveness' and 'being infused with emotion',"['活舌の良さや、声に感情が乗っていること', '音声だけでも、独特の世界観を醸し出している。', '感情表現が豊か、滑舌の良い声', '表現力が豊かな音声であり、感情が乗っている。', '滑舌の良さ、感情が豊かで個性的な声']"
A053,40s,Male,Medium,Articulation Clarity,Commonly mentions 'a speaking style where every word is clearly audible',"['抑揚がはっきりし、聞き取りやすい。', '抑揚が大きく、聞き取りやすいこと。', '抑揚が大きく、聞き取りやすい発音。', '抑揚が大きく、しっかり聞こえる発音。', '一語一句はっきりと聞こえる話しかた。']"
A054,30s,Female,High,Articulation Clarity,Cites the combination of 'clear/firm speech style' and distinctive tone as the reason,"['日常会話よりもゆったり・はっきりした口調と、独特のトーン（萌え）を絡めた感じがアニメらしいと感じます。', '日常会話よりもゆったりしたトーン・はっきりした口調で、若干の萌えが入っている方がアニメらしいと感じます。', 'ゆったりしたトーン・はっきりした口調で、萌えが入っている方がアニメらしいと感じます。']"
A055,30s,Female,Medium,Prosodic Salience,Explains 'wide intonation and exaggerated voice' as the reason,"['感情表現が豊か', '抑揚が大きく、誇張された声']"
A056,30s,Male,High,Emotional Explicitness,Emphasizes 'a voice imbued with warmth and feeling',['より情感をこめた声であること']
A057,40s,Male,Medium,Articulation Clarity,Consistently uses the expression 'clear contour (clarity)',"['明瞭で輪郭がハッキリした音質', '変わった声質や演技色が強く出ていても明瞭で輪郭がはっきりしている', '抑揚が大きかったりメリハリがはっきりしつつ輪郭がくっきりとしている', '抑揚が大きめで輪郭がはっきりした音声となっている印象', '抑揚が大きくメリハリがあり、輪郭がはっきりしている', '抑揚が大きくメリハリがあって輪郭がはっきりしている', '抑揚が大きくメリハリがあり、輪郭のはっきりしている声質', '言葉の輪郭がはっきりしていてキレイな発声。かつ抑揚はしっかりしているがやりすぎていない。', '輪郭がはっきりしていてキレイな発声']"
A058,30s,Male,Medium,Prosodic Salience,Consistently responds across all data that 'the acting intonation is distinct',"['演技の抑揚がはっきりしている', '抑揚がはっきりした演技']"
A059,30s,Male,High,Timbre Difference,First mentions the timbral category of 'so-called anime voice',"['アニメ声、大げさなしゃべり方', '大げさな話し方とアニメ声', 'アニメ声で大げさな話し方', 'アニメ声と大げさな話し方', 'いわゆるアニメ声。だらっとしていなくてハキハキしている。演技っぽい仰々しさがある。']"
A060,30s,Male,Medium,Timbre Difference,Mentions 'distinctive timbre' before intonation,['独特の声質で、抑揚が大きいのが特徴だと思います。']
A061,40s,Male,Medium,Emotional Explicitness,Cites 'over-the-top emotional expression' as the reason,['オーバーな感情表現']
A062,40s,Male,Medium,Prosodic Salience,"Mentions multiple prosodic elements such as 'bright, high pitch and wide intonation range'","['明るい高めのピッチ、はっきりした発音でボソボソ喋らない、抑揚が大きくて感情豊か', '抑揚がはっきりとしていて、感情表現が大きい', '明るく高めのピッチ、はっきりした発音、大きな抑揚', '高めで明るく、抑揚が大きい', '抑揚が大きくて、はっきりした発音と、キャラクターの感情が乗った豊かな表現', '母音を強調して、抑揚を大きく付けて喋る', '感情がはっきりしていて、抑揚が大きくて、演技のテンポが良い', '抑揚が大きくて、感情表現が豊かで、演技がはっきりとしている', 'メッセージ性があって、テンポが良くて、声優の演技力が高い']"
A063,30s,Male,High,Emotional Explicitness,Emphasizes acting ability that 'prevents the listener from returning to reality (immersion)',['現実に引き戻されないこと']
A064,50s or older,Male,High,Timbre Difference,Points to the timbral characteristic of 'so-called anime voice',['いわゆるアニメ声で抑揚が大きい']
A065,50s or older,Male,High,Emotional Explicitness,Emphasizes 'mood-infused speech style' and 'emotionally charged delivery',"['聞きやすくて、気持ちのこもった喋り方。', '感情がこもった喋り方が出来ている。', '気持ちの入った喋り方。']"
A066,50s or older,Male,Medium,Emotional Explicitness,Views theatrical elements of 'dramatic delivery with strong emotional movement' as the core,['ダイナミックな動きがあって、ドラマチックで感情が大きく動き、ファンタジー要素もあり、セリフのことばも計算されている、カラフルなドラマ。歳をとっても感情を動かされます。']
A067,40s,Male,Medium,Temporal Control,Emphasizes temporal control through 'taking many pauses' and 'calculated breathing',"['セリフの最後の一文字まで、さらに吐息までにも感情を込めている、気を行き渡らせて計算し尽くされている感じがする', 'なるべく多くの単語に感情を込めるために抑揚が多く、間もたくさんとる', '間をたっぷり使って演技をする', '動きに任せず声に必要な感情の全部を入れようとする', '抑揚と吐息で感情を表す', '単語の区切りを伸ばして間を取り、感情を表したり切り替えなどの演技を入れる事が多い', '早口になってもセリフの文字を飛ばしたりしない', '声でできる限り表現をしようとするから間や抑揚をたっぷり入れて感情を乗せている']"
A068,50s or older,Female,Medium,Emotional Explicitness,Emphasizes 'a voice that evokes a situation' and the ability to recreate scenarios,"['人間とは違う次元の物語の楽しさ', '声を聴いているとその状況が思い浮かぶ', '現実を超えた世界が楽しめる', 'ファンタジックなイメージが広がる感じ', 'ファンタジックなイメージが広がる感じです']"
A069,20s or younger,Female,High,Prosodic Salience,Cites 'intonated speech style' as the reason,['抑揚がある喋り方']
A070,40s,Female,Medium,Emotional Explicitness,Explains 'a voice where emotions are clearly expressed' as the reason,"['日常会話と比べて、感情がはっきり表現されている声がアニメらしいと思います。', '感情がやや大げさに表現されている', '感情表現が分かりやすい']"
A071,40s,Female,Medium,Emotional Explicitness,Emphasizes 'over-the-top acting' and 'excessive reactions',"['声質にクセがある、過剰なリアクションの話し方、甲高い声', '演技がオーバー気味、甲高い萌え声、叫びが上手い']"
A072,30s,Male,Medium,Prosodic Salience,First cites 'exaggerated intonation or pitch pattern' as the reason,"['一つ一つの言葉が過度に明瞭かつ流暢で、台本を読んでいることが明らかに分かる。', '発話中のイントネーションや抑揚が大げさ', 'オーバーな抑揚、明らかなセリフ感', '過剰に明瞭な言葉、大げさな抑揚、わざとらしい言い回し']"
A073,40s,Male,Medium,Emotional Explicitness,Cites 'theatrical-style acting' and 'over-the-top reactions' as reasons,"['演技が大袈裟', '現実離れしている', '演劇のような芝居', 'オーバーリアクション']"
A074,50s or older,Male,Medium,Articulation Clarity,Repeatedly emphasizes 'speaking clearly/distinctly',"['抑揚感がありやや大げさな話し方', 'ゆっくり確実に、そして大袈裟に話すのがアニメらしい', '腹から声を出すようにはっきりとわざとらしく話す', 'はっきりゆっくりと感情をこめて話す', '大袈裟にゆっくりと話す。', 'ゆっくりと大袈裟にはっきり話す。', '抑揚を付けてゆっくりと大袈裟なくらいハッキリ話す。']"
A075,50s or older,Male,High,Timbre Difference,Emphasizes 'timbre of exaggerated expression beyond everyday voice quality',"['日常的な声質よりも、大げさな表現をした声質のほうがよりアニメらしいと思います。', '物語の空気感を読んでそれに合わせた発話・発音をするのがアニメらしさだと思います。', '声だけでいえば、通常の話し方よりも大げさで抑揚を強めにし、感情をいれるのがアニメらしさだと思います。']"
A076,30s,Male,Medium,Timbre Difference,Values 'timbre suited to the character's image',['キャラクターのイメージに合った違和感のない声質と喋り方です、少なくともジブリ作品で使われる声優以外だと思っています。']
A077,40s,Male,High,Articulation Clarity,Commonly mentions across all responses that 'diction/articulation is good',"['滑舌が良い。個性的な声と喋り方。', '滑舌が良い。声と喋り方が個性的。', '滑舌が良い。声や喋り方が個性的。', '声が魅力的で、滑舌が良い。']"
A078,40s,Male,Medium,Timbre Difference,Points to the timbral characteristic of 'emphasized/stylized voice (cool/cute)',['芝居がかった声。カッコよさや可愛さなどを強調させた声。']
A079,40s,Male,Medium,Emotional Explicitness,Emphasizes acting intent in 'exaggerated intonation to the point of being deliberately theatrical with emotional intensity',"['セリフの間の取り方と強調する部分が、アナウンサーやナレーターと比べて多少オーバー気味であること', '感情をこめて、ワザとらしいくらい大げさな抑揚をつける']"
A080,30s,Male,High,Timbre Difference,Mentions 'unique timbre' and 'distinctiveness' as key factors,"['心に染み入り響くような声質の独特感と聞き心地の良い抑揚の大きさです。', 'ユニークな声質で感情がはっきりと聞き取れるのがアニメらしさと考えます。']"
A081,50s or older,Male,Medium,Prosodic Salience,Emphasizes 'voice with dynamic contrast (strong-weak) and wide intonation range',['声にメリハリがあり、抑揚が大きく、感情がこもっている。']
A082,50s or older,Male,High,Prosodic Salience,Consistently answers 'distinct intonation and easy to listen to',"['基本的には抑揚がはっきりして聞き取り易くて、キャラクターによって暗く物悲しい感じだったり、明るく楽しい感じだったりを声の調子で表現しているものと思いますし、独特なイントネーションが有るのを感じます。', '基本的に抑揚がはっきりとしていて、声にキャラクターに合わせた感情が乗っている度合いが大きいと思います。独特のイントネーションも感じます。', '基本的に抑揚がはっきりとしていて聞き取り易く、声にキャラクターに合わせた感情が乗っている度合いが大きいと思います。独特のイントネーションも感じます。', '基本的に抑揚がはっきりとしていて聞き取り易く、声にキャラクターの性格に合わせた感情が乗っている度合いが大きいと思います。日常会話とは少し異なった独特のイントネーションも感じます。', '抑揚がはっきりとしていて聞き取り易くて、声にキャラクター像、性格等に合わせた感情が乗っている度合いが大きいと思います。場合によっては日常会話とは少し異なった独特というか芝居がかった様なイントネーションも感じます。', '抑揚がはっきりとしていて聞き取り易くて、声にキャラクター像、性格等に合わせた感情が乗っている度合いが大きいと思います。場合によっては日常会話とは少し異なった独特というか強調された様なイントネーションも感じます。']"
A083,40s,Male,Medium,Articulation Clarity,Mentions 'speaking clearly (clarity)' as the primary characteristic,"['言葉をはっきりいう、抑揚が大きい、吐息などの息遣いが大きい。', '声が作った感じがする。\r\n独特なセリフ回し。\r\nちょっと大げさな感情表現。', 'お腹から声が出ている']"
A084,50s or older,Male,High,Emotional Explicitness,Explains 'the way emotions are expressed is easy to understand' as the first reason,"['自然さというより、視聴者に意図を伝えるために少し盛った声。', 'まず感情の出し方がすごく分かりやすいこと。怒ってる時はガッと高くなるし、落ち込む時はスッと小さくなる。', '喜んだときに声が跳ねたりする演出がこれぞアニメって感じがします。', '現実的な話し方をしながらも、どこか芝居がかった美しい発声。', 'キャラの世界観に合わせて音色を調整']"
A085,30s,Male,High,Articulation Clarity,First mentions the clarity of 'clearly audible',['はっきり聞き取れる\r\n適度な間がある\r\n語尾で息が漏れる音が聞こえる']
A086,30s,Male,Medium,Timbre Difference,Emphasizes 'distinctive habitual voice characteristics different from everyday conversation',['声が日常会話とは違う独特なクセがあり、口調がゆっくり、ハキハキ、語尾が変わっているなど特徴がある']
A087,40s,Male,High,Articulation Clarity,Repeatedly mentions 'each syllable is clearly audible',"['声だけを聴いてもお芝居をしていることが分かることです。', '感情を言葉に乗せている', '現実の世界とは違うテンションで話しているような雰囲気', '一文字一文字に力がこもっていてしっかりと聞こえてくる', '一文字一文字がはっきり聴こえる', '話者がお芝居をしていること', '声に重みやポップさがあること']"
A088,30s,Male,High,Emotional Explicitness,Identifies 'emotionally rich voice' as the first reason,"['声が独特', '感情豊かな声']"
A089,50s or older,Female,Medium,Articulation Clarity,Uses 'clear and easy to listen to' as the standard for anime voice,['クリアで聞き取りやすく、ちょっとした言葉からも何らかの感情を感じられると、アニメらしい声だと感じられます。\r\n逆に、活舌が悪かったりボソボソとした声質だったりで聞き取りにくく、感情もあまり伴っていない声だと、アニメ用に演技しているようには感じにくいです。']
A090,40s,Female,Medium,Prosodic Salience,Uses 'wide/distinct intonation range' as the basis for all responses,"['抑揚がある声だと思います。', '声の抑揚が美しいこと。', '抑揚がおおきいこと。', '抑揚がはっきりしている。', '抑揚がしっかりしている']"
A091,40s,Male,High,Prosodic Salience,Places the keyword 'wide intonation range' first to emphasize it,['抑揚が大きい・感情がはっきり・表現豊か・誇張された・特徴がはっきりしている・張りがある・伸びがある・深みがある']
A092,30s,Male,Medium,Emotional Explicitness,Emphasizes the performance unity of 'acting as the character',"['キャラクターの性格を把握し、それになりきっている。', 'キャラクターになりきること', 'キャラクターと声質がマッチしている', '抑揚をつけて話す、喋ることが上手', 'キャラクターになりきっている', 'キャラクターになりきる', '演じ切っている']"
A093,50s or older,Male,Medium,Timbre Difference,"Prioritizes voice quality, noting 'having distinctive voice quality and expressing emotion through its variation'",['独特の音声の質をもっている、その質の変化が感情を表現している。またそれに声の抑揚も重ね合わせ表現を広げているように思います。']
A094,30s,Male,Medium,Articulation Clarity,Mentions 'easy to listen to' before emotion,['セリフっぽい\r\n聞き取りやすい\r\n感情がこもっている']
A095,30s,Male,High,Prosodic Salience,Repeatedly responds with 'distinct voice dynamics (intonation)' as the top criterion,"['フレーズの一部が強調されていたり、感情がダイレクトに伝わる高低差があればアニメらしいと感じます。', '声に強弱があり、はっきりと感情が伝わっていると、アニメらしいと感じます。', '音声にはっきりとした強弱があり、プラスの感情やマイナスの感情がはっきり伝わってこれば、アニメらしいと感じます。', '少し聴くだけで感情がすぐに読み取れるものは、アニメらしいと感じます。', '声の強弱がはっきりとしていて、あまり速すぎない話し方であればアニメらしいと感じます。', '少し遅めのテンポで感情が込められた音声がアニメらしいと感じます。', '声に抑揚があり、ゆっくりめに話していると、アニメらしいと感じます。', '声に抑揚があり、少し遅めのテンポで話していれば、アニメらしいと感じます。', '抑揚があり、感情が多く込められていれば、アニメらしいと思います。', 'はっきりとした抑揚があり、多くの感情を読み取ることが出来ればアニメらしいと感じます。', '高低差や抑揚がある声がアニメらしいと思います。', 'はっきりとした抑揚があり、感情が込められていればアニメらしいと思います。']"
A096,50s or older,Male,High,Prosodic Salience,Cites 'undulation (intonation) in speech style' and 'distinctive accent' as main reasons,"['話し方に、感情がのせられている。', 'セリフの言い方が芝居がかっているというか、アクセントのつけ方が大げさ。それでいて、不自然さを感じないのがアニメらしい。', '話し方に起伏があり、感情が伝わってくるような話し方がアニメらしい。', '話し方にメリハリがあり、感情が伝わってくる。', 'アクセントがはっきりしていて、セリフに感情がのっている', '話し方がはっきりしていて、感情が伝わってくる。', '芝居がかかった話し方をしているのに、自然に聞こえる。', '話し方に独特のアクセントがある。', '会話のアクセントに独特のクセがある。', '話し方に独特のアクセントがある', '話し方のアクセントに独特のクセがある。']"
A097,30s,Male,High,Timbre Difference,Explains 'timbre having distinctive characteristics or a lustrous quality' as the reason,"['声質に特徴があったり艶のある声がアニメらしいと思います。', '聴いていて声が良いと感じるところ']"
A098,40s,Male,High,Timbre Difference,First points to 'distinctive timbre',['声質が独特で、芝居ぽく、聞き取りやすい明確な発声、徳陽が大きく感情的な声']
A099,50s or older,Male,Medium,Timbre Difference,Mentions the timbral intensity of 'the voice having impact',"['声にインパクトがある', 'インパクトのある声']"
A100,50s or older,Male,High,Prosodic Salience,Emphasizes the prosodic aspect of 'individualistic pronunciation or accent pattern',"['発音やアクセントのつけ方などに個性がある', '発音やアクセントのつけ方などが個性的', '活舌に優れ、発音やアクセントなどにずば抜けた個性がある', 'オリジナリティの高い声質や話し方']"
A101,30s,Male,Medium,Prosodic Salience,Consistently answers 'the voice tone is distinct',"['声のトーンが整っていること', '声のトーンがはっきりしている', '声のトーンがはっきりしている。']"
A102,30s,Male,High,Emotional Explicitness,Cites 'emotional expression being slightly exaggerated' as the reason,"['感情の表現が少し大げさな感じであるもの。', '感情の表現が大きいような声など', '感情で音程がはっきりと上下するような声など']"
A103,20s or younger,Female,High,Temporal Control,"First identifies temporal elements such as 'good tempo' and 'clean, gap-free pacing'","['現実の会話より音がクリアで、耳にスッと入ってくる', 'テンポの良さかな。会話の一言一言がキレよくて、無駄な間がない感じ。', 'キャラごとにテンポや強弱が違うから、音だけでもそのキャラだとわかるレベル', '声だけで不安や恋心を表現しやすいのがアニメらしい。', '息づかいや笑い方、叫びがドラマチック']"
A104,50s or older,Female,High,Timbre Difference,Emphasizes 'adjusted so that personality can be understood from timbre alone',"['息の吸い方吐き方まで表現の一部になっていて、キャラに実在感を与えてくれる。', 'クール系は低めで余韻が少なく、元気系は明るく跳ねるような声など、声質だけで性格が分かるように調整されている。']"
A105,50s or older,Male,High,Timbre Difference,Mentions the timbral identity of 'character-like voice',"['声が情景に合っている', 'キャラクターのような声が聞こえる', 'キャラクターらしさがある']"
A106,40s,Male,High,Temporal Control,First mentions 'taking large dramatic pauses in dialogue',"['喉で声を作っている感じがある、音程が高すぎたり低すぎたりする、声にブレが少ない', '声が高いか低すぎる、普通のセリフも朗読のように話す', '必要以上に仰々しさがある', '声の抑揚が激しく変わる', 'セリフの溜めが大きい', '普通から外れて個性が出そうとしている', '声だけで演技するため、過剰な表現が多い。', '幼すぎたり渋すぎたり極端な声質', '声にキャラクター性がある', '幼さを強調している', '個性的な声', '感情が強く表現されている']"
A107,40s,Male,Medium,Timbre Difference,Identifies 'distinctive voice actor voice quality/timbre' as the key factor,"['声優独特の音量・音質・テンポ・言い回し・耳障り', '声優独特の言い回し、音質・音量・イントネーション、昔ながらの声', '声優独特の言い回し、音量・音量・イントネーション、昔ながらの声', '声優独特の音量・音質・イントネーション・言い回し、昔ながらの声']"
A108,30s,Female,Medium,Timbre Difference,Explains 'constructed timbre' and 'deliberate/intentional quality' as the reason,['つくった声質。\r\nわざとらしい。\r\n大袈裟。\r\nはっきりした発声と滑舌。\r\n感情の抑揚が大きい。']
A109,40s,Male,High,Articulation Clarity,Emphasizes the clarity of 'being able to clearly understand any line of dialogue',['どんなセリフでも言葉がはっきりと聞き取れる。抑揚や感情表現がしっかりしていて人物の表情などが想像しやすい。']
A110,40s,Male,Medium,Timbre Difference,First mentions 'the voice actor's timbre being anime-like',"['声質がアニメ独特の雰囲気がある。また、話をしているときの抑揚が大きい。', '声質が声優ならではの雰囲気がある。会話の際の抑揚が大きく感じる。一つ一つの文字が比較的はっきりと聞こえる。', '声優の声質がアニメらしい雰囲気がある。会話の抑揚が大きい。一つ一つの文字が比較的はっきり聞こえる。', '声優の声質に独特の雰囲気を感じる。会話の抑揚が大きい。一つ一つの文字が比較的はっきりと聞こえる。']"
A111,40s,Female,Medium,Emotional Explicitness,Emphasizes expressiveness of 'scenes coming to mind because emotions are conveyed',['感情が込められていて、すぐに情景が浮かぶ。']
A112,40s,Female,Low,Emotional Explicitness,Points to the performance characteristic of 'heavily and thoroughly exaggerated',"['現実のそれとは違い、大げさで誇張が激しい一方、聞き取りやすく、テンポがややゆっくりな話し方が多い印象。', 'ややゆっくりで大げさ、現実的ではないキザな話し方という印象。', 'ねっとりした声で大げさ']"
A113,40s,Male,High,Emotional Explicitness,Emphasizes 'acting with distinct intonation' and 'whether the acting is committed/proper',"['抑揚のある演技をしていること。単純な口語ではないこと。', 'オーバーでもいいので、しっかりと演技をしているかどうか。']"
A114,50s or older,Male,High,Emotional Explicitness,Repeatedly emphasizes 'speech style being imbued with emotion',"['抑揚がしっかりついていて感情豊かだと思います。', '話し方に感情がこもっている', 'セリフの１つ１つに感情がこもっている', '感情がとても豊かである', 'セリフに感情がはっきりと現れる', 'テンポがゆっくりで抑揚がはっきりしている']"
A115,40s,Female,Medium,Timbre Difference,"Emphasizes across all responses that it is 'a constructed voice, not the natural everyday voice'","['地声ではない作った声感があることとハキハキと聞き取りやすくしゃべっていること。', '地声ではなく作った声でハキハキとしゃべっている。', '地声ではなく作った声で、ハキハキと感情をこめてしゃべっている。', '地声ではない作った声でハキハキと抑揚をつけてしゃべっている', 'ハキハキと喋っている、演技がかった口調、地声ではない作ったような声などがアニメっぽいと思います。', 'はきはきとした喋り方、演技がかった口調、明らかに地声とは違いそうな作った声などがアニメっぽいと思います。']"
A116,40s,Male,High,Emotional Explicitness,Views 'acting quality verging on the grandiose/overly solemn' as the core,"['言葉の輪郭が明瞭で聞き取りやすい。抑揚がはっきりしていて、感情を読み取りやすい。', '少々仰々しいくらいの演技感がある。', '声優は二次元のキャラクターに命を吹き込むので、少し仰々しいくらいに芝居をする。', '台本があるので発声に淀みがない。キャラに命を吹き込むため、抑揚が大きめ。', '声質がくっきり明瞭で、込められた感情を読み取りやすい', 'メリハリのきいた演技', '芝居がかっている。']"
A117,30s,Male,Medium,Prosodic Salience,Cites 'intonated and intentionally theatrical feeling' as the reason,['抑揚があってわざとらしい感じの声']
A118,40s,Male,Medium,Emotional Explicitness,Emphasizes expressiveness of 'conveying emotion by adding dynamic contrast to dialogue',['セリフに強弱をつけ、感情をこめる']
A119,40s,Male,Medium,Emotional Explicitness,Points to 'exaggerated speech style in the acting tone',['それっぽい声、演技がかった大げさな喋り方']
A120,30s,Male,Medium,Prosodic Salience,"Provides the short, clear reason of 'distinct intonation'",['抑揚がはっきりしている']
A121,30s,Male,High,Timbre Difference,Commonly mentions 'characteristic voice (timbre)' before emotional expression,"['特徴的な声質・はっきりとわかりやすい感情表現', '特徴的な声質、わかりやすい感情表現', '特徴的な声・わかりやすい感情表現', '特徴的な声・はっきりとわかりやすい感情表現', '特徴的な声・ハキハキとした感情表現']"
A122,40s,Female,Medium,Emotional Explicitness,Cites 'emotion being carried in the voice' as the reason,['声に感情が乗っている。']
A123,40s,Male,Medium,Timbre Difference,Explains 'characteristic timbre' as the reason,['特徴的な声質']
A124,40s,Male,Medium,Articulation Clarity,Emphasizes the clarity of 'clear diction making it easy to understand',"['滑舌がハッキリしていて聞き取りやすい\r\n声にどこかネットリとした感じがある', '早口にならないので聞き取りやすい', '言い淀みが無く、スラスラと言葉を並べている感じ', '聞き取りやすいテンポと滑舌']"
A125,40s,Male,Medium,Temporal Control,Identifies 'distinctive pausing/spacing' as the characteristic,"['もったいぶった話し方と独特な間がある', '話す声質が一般人よりかっこいい']"
A126,40s,Male,Medium,Articulation Clarity,Repeatedly emphasizes 'crisp/distinct voice' and 'clear articulation',"['ハキハキした声であり、男性だったら、より男性らしく、女性だったら、より女性らしい声がアニメらしい声と考えます。またセリフの一声一声ごとにしっかりと感情移入がなされている声であるとも考えます。', 'ハキハキしていて、感情が込められている声がアニメらしいと感じます。また、男性はより男性らしく、女性はより女性らしい声が、アニメらしいと感じます。', 'ハキハキと話す声である。感情移入がしっかりとなされている声である。男は、より男らしく、女は、より女らしい声である。', 'ハキハキしていること。感情移入がしっかりとなされている音声であること。男性はより男性らしい声で、女性はより女性らしい声であること。', 'アニメの声というものは、声そのものがキャラクターを表していて、声からどんなキャラクターであるかがわかることがアニメらしさだと思います。', '私の考えるアニメらしさ、アニメらしい声というのは、声だけでキャラクターが立っている、ハキハキしている、一音一音がはっきりしている、といった声だと思います。']"
A127,50s or older,Female,High,Emotional Explicitness,Emphasizes expressiveness of 'breath/vitality being felt in the voice',['聲に息吹を感じる事']
A128,40s,Female,High,Articulation Clarity,Mentions 'easy-to-understand speech' clarity before intonation,['よく通る声で言葉が聞き取りやすく、抑揚があること。']
A129,40s,Female,Medium,Emotional Explicitness,First identifies 'performing with exaggerated acting',['大げさな演技をする。はっきりと話す。']
A130,30s,Male,Medium,Emotional Explicitness,Emphasizes 'acting without dissonance in an unrealistic world',['非現実世界に対する違和感のない演技']
A131,40s,Male,High,Articulation Clarity,Mentions 'clear diction/articulation' before emotion,"['はっきりとした滑舌', '感情をこめて大げさな感じで話す']"
A132,40s,Female,High,Prosodic Salience,Mentions 'having intonation' before timbre,['声質に深さがある。抑揚があって、広い範囲に語りかけているイメージ。']
A133,30s,Male,High,Timbre Difference,First identifies the physical timbral characteristic of 'high-pitched voice',"['声が高い\u3000かっこよさげに感じる', '声が高い\u3000発音がはっきりしている', 'わりと声が高め\u3000はっきりとした口調']"
A134,40s,Male,High,Emotional Explicitness,Uses 'whether immersed/committed in the character role' as the criterion,['キャラクター役になりきれているか否か']
A135,50s or older,Male,High,Timbre Difference,First mentions the timbral characteristic of 'cute voice quality',['音質が可愛らしく、テンポが早いことです。']
A136,30s,Female,Medium,Timbre Difference,Cites 'anime-like voice quality' as the reason,['音質がアニメちっく']
A137,30s,Male,High,Emotional Explicitness,Emphasizes 'over-the-top acting performance' as the top priority across all responses,"['オーバー気味のお芝居とかっこつけたような話し方。声に含まれるノイズが少なくハキハキしている。', 'オーバー気味なお芝居。ノイズの少ないハキハキ声。', 'オーバーな芝居とノイズの少ない声', 'オーバーな芝居とノイズの少ない声。', 'オーバーなお芝居。ノイズ少ないハキハキ声。', 'オーバーな演技。ノイズ少ない声。', 'オーバーなお芝居。ノイズの少ない声。', '持って回ったような、ねっとりと芝居がかったしゃべり方。']"
A138,50s or older,Male,High,Emotional Explicitness,Views 'being able to perform through voice alone' as the core acting ability,"['聞き取りやすく、声のみで演技ができている声。', '台詞を聞き取りやすく、声で演技ができている声']"
A139,20s or younger,Male,Medium,Prosodic Salience,Mentions 'distinct voice intonation' before unrealistic dialogue,"['声の抑揚がはっきりしている。「厨二」感あふれ出た台詞。現実では言うはずの無い表現が多い。現実感のない言葉。', '声の抑揚がはっきりしている。「厨二」感があふれ出ている。現実では中々聞かない萌え声、低音ボイス。']"
A140,50s or older,Male,Medium,Timbre Difference,Cites 'a voice tone that would not ordinarily exist' as the reason,['一般的にはありえないような声のトーン']
A141,50s or older,Male,High,Prosodic Salience,First presents 'exaggerated intonation',['抑揚が大げさで感情表現に誇張がある、男性も女性も鼻にかかったような甘ったるい声質であることが多い、内容的にシリアスさや勇壮さを含むセリフの読み上げ方にアニメ特有の調子がある、キャラクターパターンを声優さんが共有しているかのように聞こえる没個性的な演技が多くなってきている、こういったことがアニメらしさであるように個人的に思います。']
A142,20s or younger,Female,High,Articulation Clarity,Explains 'more intelligible than an actual speaking voice (clarity)' as the reason,['実際の声より通っている\r\n間があって聞き取りやすい\r\n感情がはっきりしていて大きい']
A143,40s,Male,Medium,Emotional Explicitness,Comprehensively emphasizes 'over-the-top speech (exaggerated)' and 'richness of emotional expression',"['しゃべり方が大げさで力が入っている、キザっぽいことでも平気で言う、といった感じです。', '感情表現が豊かで、話し方がなんとなく粘着質っぽいです（ねちっこい）。', 'どんなときでも声が大きくて、はっきり聞こえやすいです。', '声優の声が太かったり甲高かったりと、声にクセがあるように思います。', '声がきついと言いますか、一般人の話し方と比べると声の圧力が強い気がします。', '話し方が丁寧で聞き取りやすくて、感情が入っているというところです。', '話し方にかなり抑揚があって、絵を見ていなくても聞いているだけで話しているキャラの感情やそのシーンの重要性などがよく伝わってきます。', '大きな声でも小声でもとにかくはっきりしゃべっている印象です。また、気持ちや感情をこめて発話していると思います。', '声優の方が感情的というのもありますが、感情的でないときでも少々オーバーな言い回し（大袈裟）をすると思います。']"
A144,50s or older,Male,Low,Timbre Difference,"Emphasizes 'timbre that values luster/sheen' and 'edge-defined, crisp sound'","['発話に必ず意味というか、存在感がある。また演劇(声の張り)やドラマ(感情)より艶を重視しているような気がする', '声の装飾が多く、角、エッジが立っている', '驚き、動揺の表現が極端で独特。特に低年齢の女性キャラクターに多い', '映画吹替やナレーションとも微妙な違いがあるように思い、なぜかと考えるとモノローグ的な声の薄膜というかベールがかかっているような感じがするのが映画と、俯瞰的ではなく主観的な話し方であるのがナレーションと異なるアニメらしさだと思った']"
A145,50s or older,Male,Medium,Emotional Explicitness,Consistently answers 'emotional expression is rich/certain',"['キャラクターの感情表現の豊かさ', 'キャラクターがはっきりしている', '感情表現が豊かなこと', '際立つ個性', 'キャラが立っていること', '感情表現がはっきりしていて、ややオーバー', '話の抑揚がオーバー気味。', 'キャラクターがはっきりしている。', '感情表現が豊か。']"
A146,40s,Female,High,Articulation Clarity,Emphasizes articulatory clarity as 'each phoneme/syllable being easy to hear',['声にハリやツヤがあり１音１音が聞き取りやすい。']
A147,50s or older,Female,Medium,Articulation Clarity,Mentions 'good diction/articulation' before acting ability,"['抑揚が大きく、活舌がとても良い点。', '滑舌が良い、声だけでも感情の表現がはっきりとわかる演技力。', '滑舌がよく、演技がかった喋り方である。']"
A148,40s,Female,Medium,Prosodic Salience,Repeatedly mentions prosodic characteristics of 'distinct accent' and 'having intonation',"['声がいい事と、何か意味ありげな表現がされているように思います。', '間を大事に発言していること。', 'アクセントがはっきりしている。', '感情がこもっていること。', '丁寧な発音。', 'アクセントが効いている。', '抑揚があること。']"
A149,50s or older,Female,High,Emotional Explicitness,Emphasizes expressiveness of 'emotion/expression being conveyed through voice alone',"['目をつぶっていても、キャラクターの抑揚が思い浮かぶ', '声を聞くだけでそのキャラクターの感情が伝わってくる。', '一音ずつはっきりと聞こえる、伝わる。美声', '目を瞑っても声の表現だけでそのシーンが思い浮かぶ。', '抑揚を表現しつつ1音が聞き取りやすい', 'キャラクターと発声の融合性', '言葉を伝えるだけではなく、そのキャラクターの感情も表現されている', 'その1文だけで感情、表情、光景が思い描ける', 'その台詞だけでキャラクターの表情や感情が伝わる・思い浮かぶ', '目を閉じて聞くとその情景が思い浮かぶ', '感情豊かな表現力', '一音一音の間が絶妙で完璧に聞き取れる']"
A150,40s,Male,Low,Prosodic Salience,Identifies 'intentionally adding intonation' as the main characteristic,"['ハキハキとした口調で語りかける、喜怒哀楽がはっきりした口調でセリフを発することがアニメらしいと感じます。', '話者の発音や発声が台本を読んでいるような雰囲気だったり、セリフに意図的な抑揚をつけて視聴者の注目を集めようとしたりしている。', '台本に書かれているセリフを話していたり、抑揚のあるセリフが頻繁に出てきたりします。', '普段の日常で使うような会話、抑揚のあるセリフなどが多い']"
A151,40s,Female,High,Prosodic Salience,Emphasizes 'wide intonation range' before clarity across all responses,"['抑揚が大きい、活舌がはっきりしている', '抑揚が大きくはっきりしている、滑舌がいい', '抑揚が大きく、声がはっきりしていて聞き取りやすい', '抑揚が大きく、言葉の1つ1つがはっきりしていて聞き取りやすい']"
A152,40s,Male,High,Timbre Difference,Repeatedly mentions the physical characteristic of 'distinctive timbre and breath (breathing sounds)',"['途中保存でエラーが発生して進行不能になりました。', '芝居がかった話し方や、話す時の息使いが独特な所です。', '喋る時の息遣いや声質が独特で特徴的なところです。', '発話する時の息使いや声の抑揚のつけ方が独特な所です。\r\n\r\n25個中12個ほど作業を行ったのですが、自動保存にエラーが発生し進行不能になりました。', '声質が独特だったり、芝居がかった話し方をしている', '声質や息使いが独特だったり、芝居がかった話し方をしている', '芝居がかった話し方や独特の声質', '声の抑揚が特徴的だったり、芝居がかった話し方', '息遣いと声質が独特', '声質や息遣いが独特', '声質と息遣いが独特']"
A153,30s,Male,Medium,Emotional Explicitness,Emphasizes expressive intent in 'clear emotional expression using excessive intonation',['デフォルメされている表現を使って伝えたいメッセージやストーリーなどを視覚的に理解しやすくしている。音声の部分ではキャラクターの特徴を表現したりすために、過度な抑揚を付けたり逆に平坦にしたりの分かりやすい感情表現をしている。']
A154,50s or older,Male,Medium,Timbre Difference,Emphasizes 'non-everyday vocalization' and 'non-everyday quality of the speech style',"['話し方の非日常感', '大げさな表現感', '日常では聞かない言い回しは多い', '非日常の発声']"
A155,50s or older,Male,High,Articulation Clarity,First mentions across all responses 'voice being more intelligible than live-action (clarity)',"['声質か実写ものより通る（くぐもらない）のと、内面の感情表現を実写ものより押し出してくる感じ', '声が実写物より通る（くぐもらない）感じ、実写物より声で表現しようとする感じが強い', '声が実写物より通る（くぐもらない）、声が実写物より感情表現が強くなる', '声が実写物より通る（くぐもらない）、声が実写物より感情を強く出している', '実写に比べて声の表現が大袈裟な感じになる、実写に比べて声が通る（くぐもらない）感じになる', '実写の場合に比べて表現が大袈裟な感じになる、実写の時に比べて声がはっきり通る（くぐもらない）感じになる']"
A156,40s,Male,High,Emotional Explicitness,Mainly mentions 'high expressiveness' and 'high acting ability',"['声に個性がある', '表現力が高い', '声に特徴がある', '演技力が高い', '個性がある', '個性が強い']"
A157,40s,Male,Medium,Prosodic Salience,Presents 'having clear and distinct intonation' as the reason,['抑揚がありはっきりしている']
A158,40s,Female,Medium,Emotional Explicitness,Mentions 'certain/clear emotions' before clarity,"['感情がはっきりとし、聴きやすい声', '声が聞きとりやすく、抑揚がはっきりとしている']"
A159,40s,Male,Medium,Prosodic Salience,Points to the prosodic characteristic of 'large pitch range / extreme intonation swings',['セリフ内の、抑揚の大小の落差が大きい']
A160,40s,Male,High,Emotional Explicitness,Emphasizes symbolic expressiveness of 'the voice itself functioning as an emotional icon',['声そのものが感情アイコンとして機能している。']
A161,40s,Male,High,Emotional Explicitness,Cites 'emotions being easy to understand' as the basis for character immersion,"['内容は現実離れしてロマンがあること\r\nキャラに合った声優の声や逆にギャップあったり\r\n最終的にはキャラと声がイメージと一致し親しみやすくなるのがアニメの醍醐味だと思います。', '感情が分かりやすくストーリーにロマンがある\r\nキャラと声優の声や話し方の一致すること', '現実とは違ったロマンがあり見ているうちに声優の声や話し方がキャラと一致すること']"
A162,50s or older,Male,Medium,Emotional Explicitness,Views 'dialogue strongly infused with emotion' as the core,['現実的な会話のようではなく、喜怒哀楽などの感情が強めに入った台詞やナレーションのことだと思います。']
A163,40s,Male,Medium,Emotional Explicitness,Emphasizes 'intentional/deliberate' and 'exaggerated' feeling,['わざとらしい感じ。大げさな感じ。']
A164,40s,Male,Medium,Prosodic Salience,Points to the prosodic characteristic of 'extreme pitch range',['声の高低差が極端なところ']
A165,40s,Male,High,Timbre Difference,First mentions 'the timbre itself being good/pleasing',"['声質そのものがよく、セリフも仰々しい。', '声質が個性的で、抑揚がかなり仰々しい。かなり大袈裟に表現すること。']"
A166,30s,Male,High,Prosodic Salience,Cites 'intonated delivery' and 'exaggerated dynamic contrast' as reasons,['抑揚がついている。声のメリハリが誇張されている。']
A167,40s,Male,High,Timbre Difference,Commonly points to the timbre being 'anime voice quality',"['少し大仰な感じがする演技', 'アニメ声', '過剰に演技っぽい', '声質がアニメ声', '特徴的なアニメ声', '普通の人とはかけ離れた声']"
A168,40s,Female,Medium,Emotional Explicitness,Emphasizes 'emotionally charged speech style' and 'being emotional',"['感情がこもった話し方、抑揚が強く、一言一句しっかりと聞こえる。', '人間がいつもと違う発声方法で、抑揚をつけて表現している話ことばの事。', '抑揚がハッキリしていてやや大げさで感情的であること。']"
A169,50s or older,Male,High,Timbre Difference,Presents the unique timbral interpretation of 'sound pressure that makes scenery visible through speech',['音圧が一様で、言葉によってその景色が見えるもの。']
A170,40s,Male,High,Articulation Clarity,First emphasizes the clarity of 'every word being clearly perceived',"['セリフを読む声の中に非日常、非現実さを感じる事', '人物の感情や、その強弱にかかわらず全ての言葉がはっきりと認識できる事', '現実味の無いかっこよさ、可愛らしさを感じる声、またはセリフの読み方', '発音がしっかりして、言葉全てがはっきりと伝わり理解できる', '息遣いが伝わるような声、読み方', 'どのような感情表現でも言葉がはっきりと認識できる', '感情表現に非現実さを感じる', '言葉が響くように感じられる声']"
A171,50s or older,Female,Medium,Articulation Clarity,Cites 'absence of hesitation/stumbling' as fluency and clarity,['よどみがない']
A172,40s,Male,Low,Timbre Difference,First mentions across all responses 'timbre not normally heard in everyday life',"['普段聞かないような声質と、声の震えがほとんどない。', '普段聞かないような声質と、声の震えがほとんどない。\r\n感情表現が少し大げさ。']"
A173,30s,Male,High,Articulation Clarity,Frequently mentions 'being clearly audible/understandable' before emotion,"['感情と抑揚がはっきりしていて、日常会話、テレビのアナウンス等とは明確に区別でき、その上で「かわいい」「かっこいい」などはっきりと声のイメージが湧き出てくるもの', '話し声などよりも抑揚があって喜怒哀楽がはっきりしている。', '声に迫力があってはっきりと聞き取ることができて感情も分かりやすい。', '感情や抑揚がはっきりしていて何を言っているかはっきり分かる。', '発音がはっきりしており、感情もよく分かり、抑揚がはっきりしていること。', 'S37', '何を言っているかがはっきりと分かり、なおかつどんな感情かもはっきりと分かること。', '１音１音がはっきりと聴き取ることができ、ユニークな声であること。']"
A174,50s or older,Male,High,Emotional Explicitness,Points to acting ability of 'clearly defined dialogue dynamics with an over-the-top feeling',"['非現実的なストーリー。', '個性的なキャラクターと奇抜なストーリー', '奇想天外な展開と期待感', '目を奪われるキャラクターの存在感。', '歯切れの良い台詞回しと展開の意外性。', '台詞の強弱が明確でオーバーな感じがある。', 'キャラクター同士の言葉の掛け合いの巧みさ。']"
A175,40s,Male,Low,Temporal Control,Emphasizes breath control of 'deliberately inhaling and exhaling',['喋る前や終わりにわざとらしく息を吸ったり吐く。一文字一文字はっきりと喋る。現実の普段の会話では発さない様な喋り方など、実写の芝居だと大根も大根な大袈裟なヘンテコな演技。']
A176,50s or older,Male,Low,Prosodic Salience,Cites 'wide intonation range and exaggerated' as the reason,"['抑揚が大きくおおげさ。女性ならかわいい性質。', '抑揚が大きく大げさでわざとらしい']"
A177,50s or older,Male,Medium,Timbre Difference,First mentions 'distinctive timbre',['声質が独特・訓練された声優の声・はっきりとした口調']
A178,40s,Male,Low,Prosodic Salience,Identifies 'clearly exaggerated intonation' as the core,['通常よりも明らかに誇張した抑揚']
A179,40s,Female,Medium,Emotional Explicitness,Emphasizes 'immersion through the voice actor's expressiveness and intonated voice',"['声優さんの抑揚のある声と作り込まれた映像で、どっぷり入り込めるもの。', '各々のキャラクターがたっていること。', '現実逃避ができる空想空間。', '女の子の声がかわいくて癒される。', '何も考えずに没頭できる気楽さがあること。', '大人と子供の世界観を行ったり来たりする展開。', '声優さんの力量ひとつで見違える作品になりえる。', '愛すべきキャラクターが多い。', '現実から意識を遠ざけることのできる娯楽。', '声優さんの表現力で、より作品に没頭できるコンテンツ。']"
A180,50s or older,Male,Medium,Emotional Explicitness,Points to the performance characteristic of 'speaking slightly exaggerated',"['少し大げさにしゃべる、どちらかと言えば子どもっぽい感じ', '芝居がかっていて、少しおおげさな感じがする']"
A181,30s,Male,Medium,Articulation Clarity,Presents the short reason of 'certain/clear (clarity)',['はっきりしている']
A182,40s,Male,Medium,Articulation Clarity,Cites 'clear/firm speech style' as the clarity reason,['口調がはっきりしている']
A183,40s,Male,Medium,Emotional Explicitness,Most frequently mentions 'emotional expression being more over-the-top than reality',"['抑揚のハッキリした声\r\n性格や喋り方のキャラ付けが分かりやすい\r\nよく通る声だが、ナレーション的ではない', '抑揚を付けて、セリフをハッキリ発音する。\r\nさりげなく、カッコつけた喋り方をする。', '若者や女性キャラは透き通った声。\r\n老人は過度にかすれた声。\r\n感情表現が現実より豊か。', 'よく通る聞き取りやすい声\r\n感情表現が少しオーバー', 'よく通る個性のある声質\r\n感情表現が豊か\r\n息遣いなどで緊迫感を強調', '感情表現が現実よりオーバー\r\nよく通るハッキリした声', 'オーバーな感情表現、よく通る声', '感情表現がオーバー、噛まない、よく通る声', '発声が丁寧。感情表現が豊か。']"
A184,30s,Male,High,Emotional Explicitness,Explains 'expressing emotion through voice tone' as the reason,"['声のトーンで感情を表現している。キャラごとの独特な口調がある。', '声のトーンで感情を表現する、キャラの特徴を元に表現する']"
A185,40s,Female,Medium,Emotional Explicitness,Emphasizes the performance aspect of 'being immersed in the role',"['抑揚があること。', '自信があるような声。', '少しくせがある。', '役になりきっている。', '声に個性がある。']"
A186,30s,Female,Low,Prosodic Salience,Points to the characteristic of 'speaking with intonation',['オタクっぽい声。抑揚をつけて話される。']
A187,40s,Female,Medium,Prosodic Salience,Mentions 'wide intonation range' before diction/articulation,"['抑揚がはっきりしていて、声のボリュームが大きい', '抑揚が大きく、活舌がいい', '抑揚が大きい、活舌がいい、声のボリュームが大きい']"
